image_file_name,dice_coefficient_machine,dice_coefficient_viewer_1,dice_coefficient_viewer_2,dice_coefficient_viewer_3,dice_coefficient_viewer_4,dice_coefficient_viewer_5
2009_004180,0.030471649,0.08911098,0.08285779,0.038947977,0.51228696,0.48130322
2008_002749,0.024057474,0.96005136,0.0026910903,0.95562214,0.9591571,0.0025318987
2008_004911,0.90095615,0.01248946,0.010413911,0.90045506,0.9009752,0.034984097
2009_002530,0.58142483,0.016650246,0.021426115,0.5846662,0.000595918,0.84919685
2009_005069,0.13392314,0.009684029,0.11897919,0.005538992,0.005582714,0.0018302414
2009_000505,0.06101656,0.06417089,0.12297092,0.06299145,0.03132581,0.019973623
2008_008462,0.23898587,0.034394328,0.10224949,0.009028098,0.0095726205,0.04814209
2010_000675,0.19268253,0.8949787,0.8948561,0.8949222,0.89514375,0.8949424
2009_004592,0.86764264,0.40787423,0.40066057,0.7918662,0.0,0.86141086
2008_001379,0.75077295,0.7310192,0.74435484,0.86953145,0.93431926,0.008320274
2010_002892,0.63373846,0.015250781,0.6180219,0.6458172,0.011972843,0.01843467
2009_003317,0.14984347,0.031194365,0.15599075,0.019398117,0.2800421,0.032854304
2009_001163,0.04222941,0.6034344,0.60311186,0.6004707,0.010901394,0.64111936
2009_001215,0.26312327,0.62611896,0.0016415373,0.0060623786,0.006051775,0.029689964
2009_004446,0.11034905,0.24786972,0.6531158,0.028246587,0.63793993,0.011490171
2008_000009,0.0,0.66482216,0.6690307,0.018024748,0.0,0.01962018
2010_000083,0.24871953,0.042484786,0.34029567,0.02525194,0.19215271,0.0436205
2011_001571,0.0063433447,0.014738808,0.037005544,0.21425523,0.0120564215,0.0024923014
2010_000163,0.6587503,0.72866243,0.80290407,0.72128934,0.7441344,0.026235074
2009_004425,0.6547844,0.069169596,0.21956547,0.07113164,0.64611924,0.022356214
2009_001390,0.91905284,0.01468904,0.92199844,0.014659796,0.0023585442,0.002499437
2010_006070,0.2056675,0.0070732026,0.00743097,0.007151183,0.0072151227,0.00750088
2009_003345,0.32424444,0.3241206,0.02107516,0.0067385444,0.009333651,0.32449207
2008_002681,0.9522228,0.9500188,0.95215714,0.94793797,0.9520915,0.95227206
2009_001104,0.79504216,0.018683651,0.021985836,0.0019464341,0.0041219476,0.7950704
2009_001922,0.4968159,0.4970135,0.19457677,0.19773233,0.08512865,0.009572947
2009_003810,0.8772377,0.26383096,0.019294905,0.20538945,0.020695249,0.23338048
2008_002383,0.1422287,0.2035128,0.04947437,0.007972449,0.11661058,0.10853735
2008_003180,0.8788251,0.85879165,0.8790166,0.86823416,0.03467715,0.87786704
2009_003799,0.1783042,0.033254847,0.18360655,0.0019842,0.00076655945,0.21249136
2008_008521,0.56236774,0.32273385,0.25098628,0.056041863,0.001367566,0.25199297
2010_003495,0.060406107,0.8832446,0.038209673,0.037137676,0.03482993,0.81519186
2008_003876,0.91471606,0.005054095,0.027377771,0.02712193,0.027401354,0.039382607
2008_000725,0.29803696,0.04867481,0.14401917,0.63435733,0.1622463,0.0090951035
2010_003532,0.71516013,0.7102031,0.040093124,0.7139885,0.7154203,0.033436455
2009_005160,0.14515886,0.959152,0.95811594,0.95887417,0.95863116,0.958873
2011_001489,0.0,0.023149159,0.0,0.0,0.0,0.0
2008_005097,0.43872568,0.43926096,0.01872951,0.43933865,0.43961474,0.439166
2010_001247,0.0,0.9344918,0.9325246,0.9324294,0.9328643,0.013091147
2009_003146,0.9234871,0.20493884,0.015818056,0.20594437,0.19052051,0.21060243
2009_004186,0.96527463,0.9561448,0.66130215,0.9464259,0.95650566,0.107573725
2008_006345,0.0807053,0.21053316,0.10448429,0.19167379,0.0022454006,0.036673065
2011_000453,0.0048476304,0.25119746,0.11699871,0.23707223,0.1869406,0.21553108
2010_000404,0.66564816,0.0020622076,0.66542906,0.66641444,0.6651977,0.6654473
2008_004705,0.967118,0.9664218,0.008572851,0.9656842,0.008218593,0.96169907
2008_003429,0.012444955,0.14669126,0.009823494,0.040888216,0.0037093887,0.30019188
2010_004773,0.22282588,0.23873104,0.047260754,0.22076848,0.03946399,0.01724244
2009_002599,0.101164,0.32394955,0.16892539,0.027526543,0.014251782,0.022374451
2009_000641,0.011511919,0.54368556,0.002012452,0.0016490765,0.5445444,0.13641371
2009_001019,0.00033958163,0.74354327,0.7513721,0.75685817,0.75928223,0.75933015
2010_001183,0.34396026,0.041849315,0.06811722,0.06690337,0.06461731,0.04109025
2008_003101,0.89539784,0.0049175126,0.8974314,0.8975764,0.00077381416,0.058955166
2009_000919,0.75263363,0.011680749,0.7447978,0.01132082,0.009200989,0.008388602
2009_003542,0.9600237,0.0075486824,0.9583166,0.9611195,0.96080273,0.9598605
2011_001402,0.40524304,0.15798606,0.16496174,0.000851022,0.006218631,0.19850673
2009_005158,0.9658619,0.9659614,0.9653688,0.96491754,0.96560836,0.9654815
2009_000161,0.46876237,0.10675546,0.0021241345,0.038779136,0.040417753,0.047247373
2008_004758,0.27562916,0.004989522,0.3231126,0.0034066194,0.59307307,0.44031492
2008_001375,0.0104421945,0.010713005,0.07946884,0.074824,0.10251862,0.07460294
2008_001235,0.6818808,0.005363396,0.68141943,0.6816129,0.0130652245,0.011715424
2010_000087,0.21235001,0.058042675,0.12878926,0.0072451346,0.061884545,0.05587763
2009_000730,0.27214757,0.0045885853,0.68809474,0.048315603,0.055265702,0.07734505
2009_004626,0.2489796,0.17737652,0.016985841,0.08053691,0.8136062,0.19937041
2008_007378,0.4724433,0.4722512,0.4726784,0.47313815,0.47256342,0.46317497
2009_003196,0.6492775,0.24693026,0.04050813,0.87708235,0.72744054,0.052164342
2009_000535,0.15845466,0.9596535,0.9601178,0.9597371,0.96009,0.9600807
2008_002160,0.9245466,0.9084138,0.008586805,0.92621905,0.91584086,0.6006125
2009_004848,0.21343808,0.17459542,0.42757705,0.411664,0.026415095,0.027564455
2008_008511,0.19549136,0.1961223,0.19498627,0.20359698,0.19549136,0.016261736
2011_000481,0.31958556,0.0054905848,0.005604716,0.00550198,0.0055026454,0.0053701666
2009_003904,0.74626505,0.7501024,0.7446618,0.7454211,0.74476016,0.7447074
2008_000197,0.7623015,0.1002997,0.014296477,0.0018229773,0.051639345,0.01458957
2011_002578,0.025220288,0.019696161,0.020263208,0.18232884,0.02525103,0.04217137
2008_007945,0.70694023,0.032149125,0.02662478,0.40962383,0.40882063,0.71129924
2011_002885,0.7428851,0.74265414,0.7426696,0.7429313,0.7387923,0.74265414
2009_003756,0.93449,0.93340987,0.93271244,0.93434703,0.934295,0.9342235
2009_003804,0.8778556,0.94297886,0.9071591,0.8919689,0.90859455,0.9441694
2010_005429,0.003642942,0.1056555,0.044234574,0.104496576,0.03481167,0.03193101
2008_006981,0.16384389,0.14814815,0.16405962,0.1642214,0.16407761,0.16420344
2008_005839,0.43485066,0.027694061,0.02850395,0.0,0.0,0.006654746
2009_000421,0.018791327,0.016613819,0.21025105,0.019470107,0.3846638,0.020944739
2009_001443,0.022689015,0.069458336,0.021675454,0.10971173,0.0,0.17137055
2008_003576,0.004373943,0.030277738,0.5633738,0.032033585,0.5916658,0.621362
2008_005915,0.23431517,0.46451008,0.14396441,0.3184854,0.61898774,0.31621626
2009_000205,0.16514672,0.4168798,0.7170522,0.55011696,0.03197077,0.0
2011_003078,0.2510174,0.00015891934,0.021674164,0.027715297,0.011292625,0.050620317
2011_002713,0.010596963,0.031576302,0.2726886,0.33898947,0.031964395,0.011850729
2011_001765,0.017370211,0.13337709,0.006978895,0.0040139225,0.0010401147,0.2598407
2010_004856,0.8758636,0.010128337,0.009816856,0.87697715,0.876644,0.017815389
2011_000234,0.23411606,0.8626646,0.23423454,0.8630085,0.004019186,0.8559786
2010_001036,0.12928921,0.82137203,0.017069167,0.07588076,0.21878646,0.17295033
2009_002917,0.8398834,0.8369149,0.9465186,0.89164954,0.08184327,0.9462871
2008_006526,0.019754812,0.3095404,0.031907775,0.03157854,0.010612614,0.005554324
2008_005668,0.9273861,0.92687726,0.9176873,0.92797065,0.9277674,0.9271699
2010_002070,0.21036671,0.01934152,0.0,0.0,0.20630391,0.019126277
2010_002047,0.9428606,0.19715412,0.937241,0.19709231,0.17144844,0.94606024
2008_003451,0.015763968,0.0011885307,0.5792004,0.026708988,0.5792598,0.57896274
2010_002254,0.94524974,0.12942322,0.944558,0.9453996,0.04851412,0.9453996
2008_001150,0.22171788,0.9283319,0.009348469,0.014040561,0.007283593,0.13479854
2008_001135,0.9065714,0.010807424,0.0012538203,0.0022225787,0.90805143,0.002379291
2008_005512,0.47588888,0.47720408,0.31588188,0.31146932,0.007052601,0.006918705
2011_000573,0.684069,0.68872637,0.68513995,0.005618827,0.12246112,0.68867683
2009_000469,0.13044317,0.01597673,0.0923289,0.5390122,0.53031635,0.56602323
2010_003531,0.31984216,0.00979649,0.024475828,0.004841697,0.02456176,0.24513769
2009_004117,0.09613291,0.8854371,0.027213179,0.0005798782,0.88997036,0.5175207
2009_002539,0.4246667,0.33558273,0.9422202,0.45774513,0.0,0.94316334
2008_000464,0.0065298295,0.9622822,0.9618086,0.9615984,0.96201515,0.96194524
2009_002885,0.050003547,0.005099171,0.08758959,0.06925076,0.005352542,0.073868364
2010_002691,0.9550262,0.96358055,0.9616829,0.060718343,0.9523765,0.0049559684
2009_001253,0.07607034,0.09016957,0.094913654,0.075562775,0.27569374,0.030715054
2009_005217,0.71812713,0.13473141,0.030946152,0.71492916,0.7164591,0.71473956
2009_004317,0.00867773,0.027771063,0.12940697,0.02090776,0.018442472,0.06686674
2010_005471,0.66395915,0.033070665,0.014174512,0.06787123,0.0032325243,0.3114065
2008_003155,0.39151326,0.014430608,0.04623664,0.0038283924,0.011344516,0.0322162
2009_002845,0.9510343,0.9538272,0.954177,0.95120317,0.014171429,0.9530007
2008_000345,0.947264,0.949559,0.95079464,0.95055825,0.9503349,0.9509128
2010_003899,0.64087653,0.6579962,0.08206756,0.028053062,0.0,0.01972984
2008_005713,0.34497055,0.019103432,0.34861887,0.06870957,0.3493376,0.059284627
2009_002416,0.7383814,0.004290978,0.057518877,0.010830215,0.74154556,0.4172007
2010_001154,0.062964074,0.95174515,0.95144284,0.9514901,0.9513105,0.9515373
2010_005534,0.30614856,0.029021718,0.029315902,0.00592895,0.883464,0.81888855
2010_002546,0.002373503,0.06980599,0.0021971555,0.027229078,0.003557251,0.0024333287
2008_003701,0.011395758,0.029552521,0.025982633,0.5341821,0.5331473,0.03527213
2010_002137,0.111863434,0.0061082644,0.003597036,0.00070572196,0.00657274,0.0
2008_002719,0.08076734,0.8785785,0.4788562,0.028440265,0.05414963,0.021573033
2010_001933,0.29114127,0.29153055,0.2907362,0.29108673,0.26566765,0.20690975
2008_007596,0.8958181,0.026639802,0.0,0.0,0.0,0.025013959
2010_001842,0.21134368,0.61786866,0.9400501,0.62417775,0.63149565,0.6438518
2011_000566,0.5791832,0.007470995,0.02067269,0.04922475,0.3819036,0.06434918
2009_000996,0.41660726,0.012477186,0.40338206,0.4069811,0.078203544,0.4128356
2010_005810,0.05840836,0.124909796,0.020372322,0.120094046,0.013273119,0.024254512
2010_001944,0.9557227,0.9624613,0.96253383,0.9456631,0.9614446,0.9497356
2009_000892,0.95220387,0.9526832,0.30077,0.55226654,0.43653435,0.006785032
2011_001567,0.29253113,0.017745083,0.039251994,0.0,0.0135549335,0.008541428
2010_002161,0.7007204,0.024052545,0.08728011,0.066476315,0.06692332,0.6939325
2009_002419,0.6990777,0.56330484,0.24877816,0.23214217,0.54445064,0.5630458
2010_001246,0.12502196,0.09891031,0.22128369,0.019614711,0.005359108,0.02648573
2008_006908,0.952833,0.008847085,0.9524981,0.004602364,0.0,0.007471884
2011_002075,0.14780405,0.14713787,0.14767161,0.14833362,0.07580251,0.30770114
2009_002422,0.01073562,0.7742376,0.7732904,0.0002518733,0.77338517,0.13218018
2008_005422,0.08597516,0.0036628207,0.88174486,0.07922981,0.01860665,0.00664971
2009_002975,0.1460099,0.015589115,0.14675967,0.15143202,0.94352233,0.14093307
2008_003858,0.95367724,0.9414829,0.024522947,0.9527103,0.9528163,0.9517082
2008_001610,0.91341364,0.7647877,0.9085202,0.17730173,0.88534796,0.79068595
2009_001433,0.6226097,0.0,0.05986468,0.008674969,0.0059985,0.6212188
2010_000887,0.9407667,0.061872203,0.9397885,0.013960021,0.06236287,0.03416096
2009_003075,0.1808288,0.17698573,0.17910448,0.011786294,0.022532739,0.026919976
2008_005691,0.9382467,0.00079711445,0.9531149,0.00079714623,0.009087104,0.95360225
2011_002585,0.18114127,0.010953702,0.0067343786,0.18175666,0.17966263,0.01054257
2009_005156,0.15966368,0.020213328,0.2690023,0.03710976,0.3199451,0.16024534
2008_007123,0.9064601,0.021478806,0.0,0.90470254,0.0049469965,0.90631914
2011_002050,0.07110317,0.4770435,0.012745022,0.268324,0.0,0.6123
2011_002754,0.13333334,0.4526501,0.07860262,0.013970983,0.9094772,0.059027415
2009_002993,0.0046291463,0.023366276,0.08595894,0.010966952,0.0858452,0.08873913
2010_003915,0.09536997,0.7398076,0.06794838,0.006882811,0.0152650885,0.013767528
2008_000764,0.002434457,0.46592227,0.21076842,0.018967142,0.46515322,0.22967742
2008_000716,0.3959536,0.016283205,0.669178,0.0025694019,0.051873915,0.018535383
2010_005718,0.090854235,0.018519348,0.0010927584,0.0,0.019503599,0.29091752
2010_004795,0.76719433,0.8858605,0.8824839,0.83221304,0.88531065,0.8844159
2009_001008,0.10845022,0.9149356,0.9182262,0.9089618,0.9136884,0.91604173
2008_004441,0.011382544,0.0010632642,0.00651508,0.1871059,0.0064571635,0.01691336
2009_003087,0.41102052,0.16491452,0.16538695,0.116324775,0.16584885,0.025062053
2008_006213,0.2439789,0.84224373,0.011596271,0.0114532,0.11070224,0.84549797
2010_001017,0.097343154,0.01687635,0.014688868,0.07397921,0.0738341,0.014744471
2011_001624,0.08535688,0.00038400615,0.012597515,0.0078038555,0.011448395,0.030031545
2011_001232,0.96464205,0.007592484,0.96477354,0.0075694253,0.96506506,0.9651373
2009_002019,0.19514154,0.011280989,0.0109648835,0.0,0.008439391,0.00855014
2008_001498,0.9193108,0.9228133,0.92124605,0.92108506,0.012873563,0.9212863
2009_004095,0.41628233,0.5147844,0.46663833,0.027698893,0.0077318493,0.027271843
2009_002674,0.88558227,0.894982,0.018617965,0.90282744,0.018213708,0.2813956
2010_001768,0.41746664,0.23652264,0.038045116,0.23560141,0.0028076742,0.23560141
2008_001876,0.94910926,0.9471536,0.934184,0.93713003,0.9393841,0.9414087
2011_000982,0.72106606,0.31349763,0.0016101552,0.0056451326,0.00012783636,0.7207944
2009_003933,0.92879796,0.92951316,0.9293349,0.9296371,0.9296566,0.92924935
2010_005128,0.92879117,0.9301494,0.029857226,0.87905574,0.9160889,0.92929655
2010_000904,0.9347529,0.9396062,0.04770785,0.93518376,0.046920355,0.92342633
2010_002147,0.20439227,0.9348876,0.03695263,0.9396033,0.18013662,0.20957847
2008_004838,0.19917345,0.07107303,0.21948555,0.2188483,0.075470164,0.10048414
2008_007581,0.97585905,0.97538257,0.97669667,0.97653323,0.9767016,0.97661746
2009_000250,0.9334645,0.009925947,0.93398243,0.011972789,0.013535157,0.0018204574
2010_005982,0.21963145,0.16339578,0.24021491,0.2220813,0.5054106,0.2984312
2009_004278,0.7442365,0.32699367,0.5910028,0.0017786889,0.4852393,0.3019763
2010_000748,0.5034603,0.04619027,0.05293424,0.013555749,0.27348384,0.29303503
2010_004119,0.7496045,0.007622379,0.026430853,0.095928855,0.03011272,0.021949222
2008_008541,0.93028563,0.93016267,0.92915094,0.015982376,0.93095946,0.9245484
2009_001731,0.4782918,0.4943662,0.48356846,0.171434,0.11112202,0.006727143
2010_005626,0.427804,0.033748455,0.42768157,0.008658179,0.4261375,0.008697453
2009_003043,0.37665024,0.032390226,0.00065184146,0.008391472,0.37503484,0.3687365
2008_006032,0.4816898,0.47779664,0.47997844,0.47742444,0.47969365,0.36808193
2008_007143,0.015667208,0.02172876,0.02209934,0.019404033,0.02193072,0.7655565
2009_004653,0.053153154,0.009122312,0.00917871,0.0062821284,0.009277144,0.008412376
2010_002251,0.048752982,0.20207238,0.012341829,0.052173633,0.030283317,0.01273321
2009_002543,0.017314224,0.011177835,0.06122331,0.024446521,0.0011162494,0.29874885
2008_006434,0.8696371,0.8885446,0.8594735,0.8785332,0.7689083,0.8536138
2011_002327,0.1292758,0.91988355,0.008439341,0.12614709,0.007268903,0.017784068
2009_002268,0.97222584,0.018695949,0.021195652,0.014180529,0.038292058,0.97216827
2011_002341,0.88244426,0.881875,0.0033688562,0.8824583,0.8816078,0.00031336735
2008_001404,0.37309438,0.06214158,0.2870438,0.026193898,0.061881077,0.053814486
2010_003798,0.25266448,0.88557005,0.8464973,0.82612735,0.013504078,0.013801838
2010_003132,0.11897922,0.14102268,0.00883361,0.008833766,0.17853448,0.1681115
2010_004941,0.07022268,0.07727783,0.0077846707,0.89676195,0.032232597,0.8932959
2010_004938,0.13425295,0.004135533,0.0043231053,0.025253238,0.8647724,0.02476955
2009_005078,0.019004682,0.03650488,0.22391352,0.009062075,0.035221685,0.40333128
2009_004033,0.9100617,0.9074691,0.010898739,0.9092852,0.8524672,0.9087669
2009_000989,0.883192,0.13277474,0.8421263,0.0021581026,0.0020413564,0.0019931265
2010_000427,0.9401423,0.026261738,0.9393151,0.93981564,0.030220946,0.002850314
2008_001896,0.3284623,0.08683139,0.03498103,0.0079141315,0.022261847,0.006986737
2009_002628,0.63733923,0.6363178,0.63682866,0.63655365,0.6358065,0.63684833
2008_000182,0.8841519,0.8852353,0.04050518,0.04005918,0.035720795,0.036145315
2008_002551,0.405552,0.40433076,0.406335,0.019142564,0.018702779,0.40573275
2009_002097,0.8655001,0.0009799758,0.033531893,0.035536554,0.8650917,0.8665735
2010_001367,0.07055752,5.0161354e-05,0.08469466,0.33187607,0.06151128,0.018485012
2009_000409,0.3960965,0.0015542813,0.0022452618,0.0111707,0.0016595769,0.14078493
2010_004208,0.08871822,0.043196797,0.012028281,0.40284744,0.01257573,0.010475534
2008_005338,0.0047653792,0.8030034,0.8494564,0.77858025,0.12562652,0.752822
2009_002122,0.6967463,0.011542312,0.6981281,0.6975255,0.69727427,0.69727427
2009_001339,0.31439826,0.29137623,0.16510007,0.10744697,0.03836532,0.007835472
2008_008629,0.10131361,0.26199508,0.3611619,0.016099412,0.0044886405,0.016878216
2009_002229,0.93454945,0.030126465,0.9413604,0.9345722,0.024297284,0.94012034
2009_000385,0.267626,0.26645666,0.383661,0.40313843,0.01742391,0.471735
2008_006140,0.11167941,0.0063463785,0.0024542615,0.05528102,0.9229173,0.11078287
2008_006289,0.9008199,0.4105162,0.010409226,0.018678438,0.12397693,0.008780886
2008_001741,0.96115375,0.9548388,0.9604471,0.9609739,0.016613057,0.0
2009_001644,0.058592893,0.02255591,0.0230612,0.0230612,0.0,0.08009182
2010_005888,0.2503495,0.25372973,0.0148206055,0.007873538,0.03312379,0.03336154
2009_003707,0.6367919,0.67574507,0.0,0.0,0.00925697,0.0
2008_008476,0.85464215,0.8211459,0.8536444,0.8534779,0.010938024,0.6979327
2008_006703,0.14041418,0.07659229,0.9130176,0.027787022,0.039043758,0.03796741
2011_001589,0.0023776072,0.008951702,0.033679802,0.8445333,0.8599975,0.33222052
2009_002549,0.63591,0.0,0.6348414,0.0,0.6347722,0.6333023
2008_001040,0.0003353876,0.8938568,0.8897372,0.0016758138,0.89549613,0.009016154
2008_005398,0.8420782,0.0062098503,0.8552086,0.42312625,0.0058903843,0.00594855
2010_004519,0.95830524,0.960006,0.30513245,0.006494747,0.9599535,0.9602902
2008_004399,0.09949444,0.0069981976,0.65579635,0.1128514,0.6327199,0.6364889
2008_008106,0.9174848,0.052045796,0.0,0.0,0.0,0.05254264
2008_004026,0.39425465,0.61777866,0.615365,0.61531013,0.33313915,0.0059442995
2010_005721,0.087373935,0.02266199,0.0013664702,0.050330233,0.021234954,0.03655527
2009_000440,0.001048218,0.9228478,0.02146123,0.0123366285,0.0,0.18663554
2008_004363,0.42591298,0.050435916,0.4276107,0.8740406,0.048182227,0.047666136
2009_000716,0.97787315,0.977828,0.9776861,0.97776264,0.97394603,0.9775153
2010_001329,0.04503753,0.75268245,0.052886613,0.11310123,0.74758446,0.1239245
2011_002114,0.025300566,0.9392415,0.027544323,0.93943626,0.0010324016,0.9286026
2009_001205,0.9628124,0.9573996,0.9614806,0.96160436,0.558523,0.9618042
2008_005600,0.21144672,0.21560025,0.2001075,0.19451195,0.19423185,0.1861114
2010_001850,0.0044881455,0.004946924,0.06106788,0.02233434,0.065851465,0.066356756
2008_000239,0.021285547,0.91749567,0.9179643,0.19865435,0.91768706,0.021119058
2011_002730,0.70432764,0.014600098,0.07180411,0.027355157,0.008261239,0.010536602
2011_002675,0.23015635,0.45305127,0.010972695,0.4524269,0.45253554,0.453892
2008_008421,0.9214162,0.956398,0.95628095,0.95299184,0.94712794,0.010666596
2011_002150,0.4274961,0.04043875,0.00081847014,0.076098606,0.036726657,0.038986873
2008_003480,0.7747633,0.7745402,0.80900764,0.0,0.17320484,0.0050893743
2009_003005,0.09551478,0.91665536,0.023246864,0.02364993,0.9167987,0.9143376
2009_003090,0.29711884,0.16040243,0.034160987,0.16420141,0.008741736,0.037195943
2009_001095,0.46851733,0.3525218,0.3526656,0.034422603,0.35246187,0.31955123
2009_003607,0.22578865,0.3175107,0.100424245,0.010049915,0.055658553,0.26884168
2009_001411,0.9683916,0.96874666,0.96856344,0.9685993,0.9687559,0.9686956
2008_002177,0.95022345,0.9398118,0.3669046,0.5954868,0.8234262,0.8687341
2008_006480,0.9791165,0.9792523,0.9791871,0.9779974,0.97921604,0.9792792
2008_003774,0.5063125,0.4389941,0.0,0.011078117,0.051049948,0.5060791
2010_002146,0.6962744,0.69512975,0.69349104,0.69530976,0.0020740514,0.69473684
2010_001131,0.10675585,0.10676862,0.10670479,0.0,0.20453136,0.093695894
2011_002920,0.08450415,0.07618492,0.07585461,0.008964677,0.02274231,0.07597023
2008_006877,0.0,0.014715389,0.014602882,0.013105436,0.0130219795,0.86828333
2008_004654,0.01544029,0.015235075,0.0015289144,0.013728872,0.013247399,0.15477793
2009_004409,0.9587236,0.8641402,0.9659039,0.00060575776,0.88761026,0.9686337
2010_004697,0.019612942,0.23844323,0.23729183,0.1450455,0.23769979,0.1293101
2011_002644,0.10596778,0.01465687,0.009215453,0.0017172055,0.10251383,0.015111404
2009_005145,0.851755,0.023553561,0.2462999,0.2468482,0.023082187,0.023451107
2008_005716,0.9658208,0.9645252,0.9649296,0.9645505,0.96062994,0.9642356
2008_005738,0.15265326,0.009566232,0.0,0.032832053,0.2811967,0.032598324
2008_006843,0.55734265,0.55866474,0.55844134,0.55839115,0.5581551,0.5584602
2010_001852,0.6583422,0.6231303,0.6222691,0.0047433847,0.00508027,0.65892565
2009_000931,0.6447636,0.06548163,0.6362497,0.04152912,0.02775568,0.027319727
2008_001078,0.8017669,0.26970902,0.25913003,0.27068934,0.768583,0.27542633
2009_000080,0.9361387,0.93499494,0.0004759827,0.00047672016,0.0056539453,0.9309801
2009_001718,0.07307909,0.14214459,0.2653338,0.29492924,0.5122211,0.29397017
2011_002561,0.17221236,0.07699925,0.1869445,0.11069891,0.21453746,0.11148281
2009_000825,0.02796281,0.0051352615,0.14405024,0.011088481,0.090281926,0.011200995
2010_004772,0.6230341,0.035740044,0.011476382,0.6508649,0.64605147,0.2844968
2009_000731,0.99201065,0.9916903,0.9104739,0.9911486,0.991888,0.98676854
2010_004314,0.6650665,0.066879086,0.016003234,0.016860278,0.13239639,0.016642451
2009_003921,0.4254597,0.383373,0.38463646,0.3720545,0.5143903,0.41560638
2009_000626,0.82459843,0.82439345,0.79693013,0.81749606,0.0005227733,0.8112631
2011_000173,0.15496275,0.30420613,0.37800452,0.0022888056,0.37420362,0.3030828
2008_002697,0.91847724,0.9251384,0.9090774,0.9250399,0.9219569,0.92328316
2011_000618,0.072628394,0.08127242,0.06896218,0.058508914,0.097151846,0.09663785
2008_001433,0.0924112,0.010800982,0.98707986,0.98641294,0.9862353,0.98700505
2008_007239,0.8923819,0.89418346,0.8946596,0.89405704,0.89381385,0.009558172
2009_003734,0.64281887,0.6585448,0.06274783,0.15245804,0.0,0.02538467
2010_000043,0.4833701,0.0,0.48620546,0.25458536,0.012355679,0.4694092
2010_000874,0.6670345,0.031090165,0.6881734,0.68416566,0.6699065,0.685981
2009_003224,0.4701807,0.012270838,0.0031501574,0.03256646,0.0041481336,0.035561617
2010_001692,0.09738813,0.54533994,0.1997838,0.32376027,0.079837695,0.08034203
2010_000285,0.7923318,0.01624321,0.061329536,0.7927436,0.109366655,0.7976635
2009_000387,0.0029056042,0.104780614,0.17358667,0.2371762,0.04305243,0.0033407167
2010_001279,0.4354358,0.43572953,0.010863078,0.3249014,0.3645371,0.32867992
2010_004072,0.3427942,0.017391304,0.024686698,0.06924021,0.06841266,0.16710444
2008_008711,0.23934297,0.62300634,0.24560602,0.068803355,0.012896417,0.010269915
2008_001399,0.25813875,0.012448254,0.17556605,0.26196906,0.012819585,0.20730141
2010_004025,0.07495343,0.059614073,0.075948015,0.07529651,0.008532512,0.046822865
2008_004101,0.0066541857,0.1700536,0.026876198,0.043903206,0.41812053,0.05574157
2010_000666,0.7452273,0.03825797,0.0049354336,0.04073792,0.0113840625,0.75406486
2010_001767,0.01237577,0.057770066,0.0036057578,0.13029645,0.056729596,0.0025116138
2008_006920,0.6537706,0.27189544,0.15270986,0.008259693,0.003236595,0.018251386
2009_002789,0.8874213,0.23342797,0.886365,0.23351088,0.028805532,0.8865263
2009_005269,0.45602074,0.6161393,0.487166,0.4722932,0.018086588,0.6144549
2008_005300,0.96010554,0.9558962,0.01559821,0.7648946,0.95386803,0.10126192
2010_005876,0.050441403,6.802027e-05,0.038615335,0.7531825,0.13775794,0.719677
2010_003127,0.10012621,0.5863202,0.55395454,0.011448701,0.0186257,0.103450686
2010_004419,0.27587742,0.88762647,0.2072371,0.91798085,0.031730853,0.0
2008_001137,0.93971974,0.93975127,0.9400553,0.9397242,0.9403685,0.94014883
2008_006874,0.20817667,0.020857958,0.0069139437,0.019324783,0.021292616,0.002090791
2008_000073,0.933949,0.9341065,0.04830526,0.9350994,0.9336684,0.93335307
2011_000116,0.04208235,0.042112906,0.0,0.046597917,0.0,0.19424851
2009_004479,0.16263719,0.43963677,0.43787163,0.439667,0.43931875,0.43986285
2010_005922,0.6781116,0.011086756,0.6771242,0.01079259,0.67786485,0.0024737169
2008_002152,0.37154236,0.40585974,0.6136079,0.61225116,0.005517836,0.4057477
2008_007313,0.008384908,0.21394682,0.0020710756,0.019264523,0.027252968,0.036690235
2011_003216,0.36145034,0.034962203,0.0014645644,0.079136916,0.28996,0.035089422
2008_002762,0.8097004,0.8184479,0.8169414,0.0063133524,0.7038886,0.0048841476
2010_000392,0.93058395,0.004971056,0.047925852,0.90875775,0.0029822201,0.0049603228
2008_008103,0.30173206,0.3019698,0.18004501,0.019915115,0.30261475,0.017973857
2008_002504,0.91466194,0.30016947,0.0,0.0,0.0039829793,0.004284478
2009_004987,0.20070381,0.054011766,0.037177145,0.016901588,0.026467787,0.057233904
2009_003353,0.007650765,0.034148183,0.16005486,0.017535519,0.1942694,0.17608474
2009_001027,0.7853232,0.9220109,0.004548242,0.9409005,0.011516055,0.12039087
2009_003928,0.8884907,0.91311,0.87018263,0.8991454,0.044366736,0.16128922
2010_003547,0.9555735,0.95346016,0.9558035,0.9558035,0.9519757,0.955976
2008_000080,0.027497144,0.9161256,0.9108152,0.041946456,0.016791686,0.041861072
2009_001140,0.8848931,0.013536143,0.0048215063,0.035115324,0.88591444,0.21406528
2009_004368,0.13647157,0.0905285,0.06178153,0.02826581,0.027865035,0.043698218
2008_004822,0.050669596,0.07189421,0.12482295,0.061858065,0.044224545,0.058790673
2008_002182,0.9536077,0.95018303,0.10755179,0.9486921,0.9427812,0.0017378711
2009_002844,0.54605114,0.016438989,0.035102658,0.017374355,0.16366106,0.02529981
2009_003690,0.08342253,0.08322263,0.083306804,0.040386125,0.04538839,0.045268018
2010_003157,0.45754308,0.45689312,0.35364974,0.18121108,0.1798688,0.1809875
2010_002286,0.91842717,0.6481093,0.719846,0.91578794,0.15335363,0.8479247
2010_005734,0.19860075,0.013596269,0.013710561,0.008973747,0.013595887,0.13376443
2010_003207,0.35459322,0.066507116,0.36279765,0.888265,0.8991016,0.8887248
2009_003003,0.11499806,0.11387092,0.115437366,0.10589118,0.0023425806,0.078033015
2008_004345,0.9437142,0.013499626,0.043877512,0.018878669,0.94242513,0.9368961
2010_001908,0.006391303,0.90851414,0.90903145,0.9086391,0.90862125,0.90572286
2009_002343,0.07215969,0.15190622,0.003868472,0.15398261,0.15119481,0.15029107
2011_000338,0.03822618,0.059050165,0.01159934,0.11852246,0.13465825,0.35199574
2008_005367,0.7162064,0.013045207,0.0066861217,0.0,0.004671338,0.025771493
2009_004539,0.00172877,0.03071256,0.9104491,0.9040838,0.907727,0.026532542
2008_002123,0.067272,0.19119969,0.024146467,0.20266718,0.026750002,0.20564486
2010_001923,0.13408735,0.13379103,0.591737,0.0061863745,0.1334718,0.00777246
2008_004014,0.87886536,0.8777196,0.015285865,0.8707523,0.8786416,0.0
2011_000953,0.044254594,0.39998484,0.039094362,0.037745323,0.3926129,0.40015462
2010_001576,0.7568346,0.7572503,0.14156586,0.033430703,0.14151831,0.7582879
2009_001145,0.9530263,0.019088017,0.023421437,0.9522653,0.030113148,0.9526647
2011_003057,0.015691105,0.012132927,0.7172785,0.009235398,0.3101851,0.006096564
2010_001184,0.7881993,0.03424846,0.8031217,0.8095374,0.78750145,0.80685437
2008_000162,0.97407955,0.00921874,0.9740825,0.008515524,0.9742062,0.9739162
2008_001159,0.58975327,0.85835934,0.0071479017,0.46743798,0.8512152,0.12925649
2010_000679,0.008486083,0.2197205,0.2469419,0.42288476,0.010268488,0.008905141
2009_003466,0.47004724,0.46972445,0.4689923,0.46935847,0.0036283007,0.6569972
2008_006219,0.5996921,0.0033070971,0.0032021594,0.021574136,0.0024715557,0.017990753
2008_001643,0.052333336,0.014393757,0.040150184,0.05645191,0.014824813,0.026686508
2010_002020,0.050701737,0.8401375,0.8400588,0.83977544,0.8395829,0.83796746
2009_002487,0.010080685,0.27842602,0.0061798086,0.005545692,0.08250946,0.27664384
2008_008392,0.9115745,0.90411067,0.90765667,0.89442676,0.90200156,0.90212834
2011_001793,0.345528,0.34556416,0.03725968,0.0047991294,0.047769364,0.34328455
2009_004248,0.9026406,0.9023094,0.90232885,0.90238035,0.025486205,0.9022378
2008_006229,0.62842166,0.23360234,0.0037311886,0.63390833,0.0313982,0.023641437
2010_001010,0.82378066,0.18438053,0.8421676,0.84594506,0.8483258,0.8425106
2009_002928,0.23362495,0.0067115813,0.59854877,0.01628512,0.012058525,0.103095345
2011_002993,0.0,0.0025600435,0.0020694442,0.61538464,0.002511242,0.0024867004
2011_000069,0.03341289,0.22235826,0.018600812,0.018373078,0.22411183,0.018390877
2008_003499,0.73670894,0.7363093,0.73676014,0.7369855,0.7371186,0.736586
2010_003737,0.89700466,0.026912756,0.936847,0.04021805,0.9304273,0.0533451
2008_004995,0.41216996,0.06284435,0.062279265,0.0037948182,0.065115474,0.07895731
2008_003329,0.022198748,0.002548387,0.0012083409,0.0068849074,0.058153428,0.15106447
2009_001502,0.87283754,0.8725553,0.87216437,0.87194705,0.8725662,0.8717296
2011_001613,0.15746726,0.007651487,0.011971647,0.0076487903,0.007401272,0.0074739996
2010_005166,0.30805123,0.012825745,0.061566457,0.0040598833,0.008646375,0.30802324
2009_000149,0.33180735,0.45616642,0.33431658,0.030446393,0.029517654,0.021013597
2009_003323,0.79078496,0.01596829,0.7691642,0.79241014,0.07812676,0.75536764
2010_000498,0.016931826,5.2863903e-05,0.96536547,0.9630228,0.00052673166,0.9651816
2010_005501,0.009321929,0.002015552,0.0029100496,0.038356297,0.4090747,0.0044982913
2009_004721,0.5697163,0.5924544,0.58753324,0.64242095,0.59471303,0.010529435
2010_005198,0.9602674,0.01215854,0.0,0.0,0.96015847,0.9572983
2011_001434,0.040752117,0.9620122,0.9652795,0.96262485,0.9609675,0.031617485
2008_008296,0.8071263,0.80109096,0.0,0.025259612,0.025925925,0.00089523155
2008_002993,0.88321275,0.026615009,0.01452452,0.88089585,0.8833799,0.88870686
2010_000159,0.6651702,0.58527935,0.6638907,0.6654809,0.6312352,0.6653051
2008_000019,0.7363851,0.013288692,0.05593662,0.6698525,0.002147294,0.6055417
2009_000418,0.17111005,0.009528208,0.2567947,0.2720452,0.38174203,0.010069787
2009_004969,0.1626383,0.7430482,0.0004082466,0.752853,0.74922264,0.08277988
2008_000273,0.37093616,0.2234433,0.047400862,0.010721154,0.067669176,0.06798497
2011_002851,0.41911602,0.8891667,0.009521904,0.89716935,0.0085658245,0.040762015
2011_000396,0.5717839,0.57430524,0.5662367,0.5721785,0.5726714,0.5725728
2009_002448,0.17714529,0.034485016,0.02770938,0.01479297,0.42213643,0.1802926
2010_003680,0.16015102,0.18132338,0.00025387155,0.05779291,0.01879921,0.075451516
2009_001124,0.8667934,0.011054358,0.87059164,0.866379,0.81589,0.010962828
2011_001653,0.40777075,0.059978344,0.4062462,0.3074696,0.013129651,0.061333437
2008_001885,0.9751705,0.97522223,0.9699229,0.9752518,0.9751335,0.9753036
2010_005978,0.40414605,0.023723569,0.9196673,0.015325082,0.9146723,0.014382465
2009_003172,0.38444942,0.36738604,0.38322744,0.3881264,0.39077407,0.43192703
2009_004125,0.016292736,0.2767795,0.013857204,0.17136526,0.00017812611,0.16805756
2010_000986,0.67849797,0.01994889,0.64506054,0.0,0.009407985,0.020033665
2009_003768,0.5170667,0.07140181,0.017322775,0.017210014,0.020907653,0.71140426
2009_004301,0.13301879,0.04457595,0.004050633,0.21311034,0.0751076,0.008301075
2009_001664,0.23573428,0.029068729,0.024184072,0.03197158,0.03189546,0.030668387
2008_004140,0.14004594,0.13927129,0.0034793157,0.03695596,0.079937376,0.13958953
2011_003066,0.2907174,0.29077673,0.29096463,0.04057156,0.009179816,0.1295846
2009_002314,0.68742234,0.2795662,0.657614,0.0015907824,0.28265798,0.28229052
2010_001313,0.14175467,0.081096195,0.47943622,0.07908181,0.06458891,0.078812905
2010_001676,0.71681494,0.37410736,0.12033502,0.0041172346,0.24881083,0.27487856
2008_008362,0.20901945,0.12184899,0.01689542,0.003891876,0.20591673,0.20841162
2008_006341,0.7294775,0.72640324,0.4475539,0.7243738,0.7287889,0.009477337
2008_002894,0.2014923,0.033952404,0.03387396,0.1912744,0.17493773,0.06654373
2010_005180,0.39041486,0.3250586,0.0012441938,0.0,0.0,0.43860805
2008_000711,0.34154138,0.3368619,0.61611676,0.616001,0.61569166,0.61587036
2009_002221,0.36790448,0.73382145,0.73445535,0.7411962,0.73384994,0.7340067
2008_002221,0.8724392,0.019675037,0.01964343,0.86552966,0.019738562,0.31579617
2008_001260,0.9142888,0.10268509,0.91570365,0.09893993,0.09898625,0.8884065
2011_003184,0.9480906,0.9476133,0.0005941585,0.94522125,0.9435878,0.0137037495
2008_006065,0.07656383,0.9490431,0.08036723,0.0,0.9487423,0.94841695
2009_001444,0.95110816,0.9526253,0.9277599,0.95071006,0.9506784,0.019406885
2009_003569,0.5928044,0.028178936,0.59160954,0.021668619,0.59183097,0.012616009
2010_000632,0.27131784,0.13386787,0.8220367,0.2777152,0.22015297,0.0059657306
2010_000063,0.3404813,0.57809186,0.577844,0.2745356,0.025117116,0.5795221
2008_003461,0.31920597,0.5097384,0.56842023,0.04956004,0.36177137,0.568999
2010_003599,0.6186269,0.0071775145,0.029915137,0.02207653,0.06705653,0.021521363
2009_003147,0.12914383,0.12738742,0.016289571,0.0,0.20470846,0.0033620093
2011_000585,0.16125649,0.019510264,0.17032264,0.049404092,0.017878324,0.14521505
2009_002527,0.9456837,0.94436014,0.008020461,0.94270325,0.9438207,0.9454061
2011_000435,0.48147777,0.49333078,0.008716368,0.011935174,0.001603719,0.0006093103
2008_007025,0.6497627,0.6482047,0.015306733,0.6444877,0.64721304,0.52655256
2009_002295,0.40183634,0.0056637027,0.62937087,0.0056376476,0.007657135,0.021636358
2008_007357,0.78534406,0.009989315,0.08671171,0.010001381,0.009991714,0.006766203
2008_004624,0.90671635,0.011561696,0.030783389,0.012597595,0.0,0.020022005
2008_001787,0.70804125,0.7131016,0.71711135,0.0,0.7095021,0.710883
2008_000943,0.9752162,0.9750814,0.97526664,0.97237027,0.9753603,0.97432107
2010_005106,0.16082764,0.55596906,0.05898473,0.0042474116,0.0,0.013710216
2008_003238,0.4399355,0.47598764,0.5457512,0.47730082,0.47247088,0.23418084
2010_001351,0.5232104,0.11214011,0.03095251,0.5223659,0.52237785,0.002863263
2010_004789,0.9315016,0.931681,0.023795025,0.9319344,0.92741024,0.92739844
2009_005120,0.9329113,0.7401762,0.020666579,0.055055927,0.023100244,0.9358423
2009_004298,0.13556075,0.13025665,0.35932449,0.09325911,0.50310975,0.025878003
2009_000420,0.9244232,0.50472945,0.9222798,0.0027989426,0.912424,0.931692
2009_005189,0.07918249,0.77212894,0.83754045,0.048910387,0.04380755,0.8767072
2008_002492,0.0,0.23423423,0.041955885,0.0,0.0027376139,0.007839492
2009_005037,0.30444428,0.13653685,0.055805806,0.12713198,0.11230515,0.23723844
2011_001722,0.79561317,0.91157234,0.10018639,0.9111,0.911427,0.6080574
2010_004635,0.03932566,0.018935073,0.0026574542,0.64504933,0.9248272,0.2015374
2009_004888,0.0,0.0047064214,0.021186441,0.019842554,0.39086837,0.0060416646
2008_003379,0.7189787,0.0389244,0.10501467,0.031199146,0.14272021,0.0018434486
2009_000488,0.12899835,0.15270163,0.12698571,0.1304924,0.15340827,0.15298066
2009_003193,0.22867161,0.5522884,0.005279767,0.0337859,0.014716569,0.019651443
2008_004365,0.02263627,0.02270012,0.03254723,0.004236943,0.13787651,0.030427301
2011_001263,0.6124236,0.007857517,0.017142022,0.017134376,0.017559925,0.60401946
2008_005105,0.88522774,0.030450039,0.018240364,0.09827628,0.09517275,0.02537632
2010_004063,0.2062308,0.7416118,0.022277676,0.05129183,0.033102386,0.027506834
2011_002222,0.8164372,0.83400977,0.8494373,0.011432666,0.040745858,0.009084189
2009_004464,0.064962246,0.103893586,0.09462677,0.063428715,0.046844225,0.103867315
2008_002067,0.15570262,0.15537973,0.38611108,0.15574428,0.15598376,0.15602541
2008_002358,0.9045751,0.042844903,0.45630974,0.007900371,0.903918,0.013666294
2011_001159,0.71290064,0.011348075,0.71389157,0.7140765,0.0015571846,0.7127616
2011_000536,0.9566488,0.005940827,0.0035607659,0.0,0.005530225,0.95650834
2008_000033,0.16661766,0.8915796,0.036164366,0.89689785,0.257057,0.039101023
2008_002835,0.7689032,0.022452667,0.7693296,0.7706484,0.011700176,0.7681688
2010_002032,0.38317478,0.24652088,0.38561428,0.027024576,0.079944536,0.07292805
2009_000029,0.96195316,0.95999396,0.96033686,0.96085966,0.96030873,0.96090454
2009_001755,0.29054546,0.010011757,0.1461037,0.029529853,0.13164681,0.2829252
2011_001139,0.5159601,0.028864115,0.024045674,0.106228925,0.021194616,0.0054144445
2010_001457,0.69714546,0.034232765,0.6962311,0.013410404,0.6967379,0.69594663
2010_001913,0.18933845,0.1453391,0.8005525,0.028348776,0.16974254,0.800642
2009_005247,0.07536981,0.07763597,0.17850716,0.040724684,0.009439156,0.19068387
2009_000662,0.004796163,0.011925907,0.7132362,0.0,0.7710487,0.76481503
2010_005433,0.06063448,0.93198335,0.03152976,0.019694382,0.020271394,0.018374234
2011_002752,0.6786097,0.68213487,0.6825145,0.0,0.70614386,0.0055449917
2008_002536,0.4434394,0.036037225,0.037694305,0.039154764,0.02411087,0.4425384
2010_000216,0.5754986,0.0064350064,0.54629064,0.5894296,0.54346293,0.59707576
2008_001070,0.9402238,0.75509465,0.71747935,0.6328618,0.009124131,0.014747709
2008_001056,0.033190273,0.56892776,0.0,0.5674847,0.0,0.004420645
2009_003164,0.14469673,0.13519678,0.0,0.13565242,0.13574287,0.12103897
2009_000771,0.54891163,0.5271264,0.64518696,0.027983211,0.64476436,0.6445272
2011_000637,0.007634993,0.82406765,0.036710676,0.02531738,0.8668334,0.7845758
2010_003716,0.91444784,0.02651678,0.011791746,0.033149898,0.24637894,0.9094696
2009_000655,0.051251523,0.2693218,0.008328513,0.26967028,0.27167135,0.269888
2011_003003,0.17166162,0.20015141,0.34065935,0.30990827,0.34312183,0.3139078
2008_007392,0.7378994,0.0058439663,0.7350693,0.00072612055,0.7237839,0.7402791
2011_001794,0.33272737,0.3316659,0.0,0.08611275,6.4859254e-05,0.22311915
2008_003703,0.04319588,0.9039757,0.022210782,0.041916627,0.028513836,0.9256024
2011_000807,0.052241214,0.013748465,0.013605955,0.008694045,0.013946581,0.014209752
2009_002083,0.110200725,0.088162646,0.0,0.078028746,0.05075552,0.3136195
2009_000828,0.056133505,0.027635245,0.09931833,0.9356242,0.9389799,0.9340409
2009_002239,0.05552694,0.0510611,0.10047025,0.10107984,0.10101396,0.101112776
2010_004598,0.9139073,0.0034709228,0.0035319992,0.0025819177,0.9170713,0.9133782
2008_000144,0.7023829,0.22381788,0.024343288,0.091125526,0.07834711,0.70714486
2011_002134,0.5160298,0.5153031,0.0077718063,0.515926,0.5161854,0.34311813
2008_007513,0.9576585,0.012722917,0.07592001,0.95143557,0.9498052,0.43567717
2009_000096,0.094870456,0.09887747,0.08543957,0.10795428,0.0,0.09815835
2011_000070,0.10553784,0.17540729,0.40510806,0.17549427,0.40342566,0.17554398
2009_003576,0.031830434,0.35578677,0.31224236,0.023191163,0.00715392,0.012577228
2010_000038,0.7559889,0.756523,0.7555289,0.7561132,0.7636342,0.038033117
2008_000860,0.20473818,0.06410806,0.20389895,0.0013060465,0.00086351007,0.00086351007
2008_002772,0.124231964,0.12401241,0.12954049,0.031177359,0.101681866,0.12357314
2011_000882,0.6347751,0.769196,0.039562397,0.039624743,0.01579111,0.047263052
2010_001418,0.7622185,0.7609102,0.0014935506,0.76182884,0.7619923,0.76224715
2009_000100,0.9317552,0.0030300615,0.9322558,0.1278457,0.03326705,0.009192026
2009_000457,0.14391486,0.18420686,0.005807354,0.18542616,0.09462132,0.16424415
2010_005927,0.61411035,0.04656982,0.01624943,0.0,0.27392212,0.0
2010_005160,0.11609615,0.0010717944,0.017972682,0.017879749,0.043413866,0.0051278826
2009_003481,0.72688776,0.7270418,0.2598409,0.7135004,0.7282671,0.0036433232
2008_003333,0.16196816,0.0005390291,0.043170772,0.04323636,0.07789557,0.4156948
2009_001941,0.5303902,0.1558488,0.52605915,0.15632261,0.15714605,0.019202381
2010_005513,0.66272694,0.013235366,0.0,0.023945374,0.0036287925,0.00302195
2008_002623,0.9580843,0.9576933,0.0,0.0,0.9582196,0.9586596
2011_002107,0.08392213,0.20066422,0.9634461,0.044368707,0.91827774,0.0007918534
2009_003519,0.36555803,0.0058722002,0.009747919,0.029211136,0.02735232,0.015125164
2008_005525,0.8993386,0.3061646,0.8814016,0.8887837,0.8829476,0.88841707
2010_003239,0.45229706,0.028951101,0.05249081,0.033193223,0.024891209,0.023715874
2009_001096,0.024747184,0.06477524,0.025716037,0.019633897,0.029513068,0.012345243
2010_003799,0.16525997,0.002877892,0.014751971,0.026219115,0.10758435,0.52930653
2008_006063,0.96662873,0.9659553,0.96254504,0.9651561,0.96594036,0.9659803
2008_002079,0.008369498,0.00504968,0.0049673608,0.0,0.011597319,0.006792336
2011_002322,0.059838433,0.11283056,0.063060686,0.056433693,0.060034025,0.06763151
2009_003961,0.33651936,0.33838782,0.24704814,0.09476802,0.055640746,0.008445195
2011_002064,0.35548222,0.01755003,0.021358393,0.21485126,0.0060485853,0.0050241393
2008_007012,0.89466435,0.9041132,0.056807674,0.9032507,0.085309,0.89866304
2008_007273,0.91322106,0.1847406,0.0021786492,0.09978853,0.35420594,0.01695132
2009_001851,0.9309087,0.92998034,0.93107903,0.023371968,0.926537,0.006471637
2010_003325,0.31884998,0.1310796,0.1309483,0.15724403,0.1309483,0.13096471
2008_003709,0.08557983,0.038315717,0.03772989,0.005019959,0.28491867,0.08496789
2008_004583,0.9750431,0.333094,0.90630233,0.26976267,0.80827713,0.0022182702
2011_000455,0.01166692,0.0003040509,0.01563375,0.03625364,0.17819194,0.033278987
2009_004993,0.33871272,0.028472478,0.3602575,0.3393157,0.36086673,0.028503941
2011_002975,0.00065751304,0.5926793,0.4983878,0.051266685,0.04737508,0.0052480274
2010_001590,0.040845312,0.74663574,0.53875655,0.7345328,0.5309353,0.84461194
2009_004942,0.9391802,0.9410262,0.15162285,0.938746,0.0,0.018286891
2010_000174,0.30957335,0.04450286,0.12011629,0.0634021,0.016166337,0.0059541184
2008_004704,0.08505085,0.001480363,0.92674047,0.015785297,0.01622265,0.8833532
2009_003007,0.2191107,0.072609834,0.24235173,0.21835122,0.0723362,0.032959074
2008_004430,0.93394053,0.005593009,0.92711633,0.008761278,0.008574246,0.9147203
2009_000774,0.11019321,0.48333693,0.0040308083,0.48411864,0.48347798,0.4837483
2008_000505,0.9168062,0.029239155,0.9026019,0.7997963,0.028414778,0.0014235306
2008_002338,0.48296264,0.016759098,0.017009558,0.63848984,0.6240502,0.006459948
2010_001534,0.95878255,0.029711744,0.0004606228,0.95500314,0.9543441,0.95928735
2009_004228,0.4899233,0.48953667,0.09973363,0.1241133,0.49297974,0.2867547
2011_002358,0.41767472,0.019281361,0.4163139,0.038926583,0.41517106,0.4115145
2009_002460,0.92766523,0.9271713,0.9276104,0.9270615,0.009020409,0.9268967
2008_003976,0.22253211,0.010020695,0.03955934,0.00312101,0.00890483,0.0
2008_000336,0.9004529,0.2945692,0.9085277,0.26031128,0.019002985,0.90153176
2009_003361,0.0032696093,0.002369866,0.054229792,0.004337533,0.017649092,0.018119974
2010_005366,0.008400564,0.12050139,0.028864557,0.12939915,0.027781703,0.029142812
2010_002228,0.6399827,0.2160685,0.109877765,0.0044195307,0.10019828,0.14691132
2009_002150,0.88452846,0.88452846,0.88444024,0.88436174,0.8840183,0.88361573
2010_001251,0.01840807,0.3245224,0.3235234,0.3238963,0.3246863,0.32329956
2008_001546,0.08384532,0.088336036,0.6818869,0.93129975,0.7156786,0.1599329
2008_005770,0.5825091,0.54368734,0.54316294,0.5436966,0.54365975,0.54328257
2009_000285,0.95458627,5.427163e-05,0.9549681,0.95479316,0.95457035,0.95466584
2008_001523,0.28999656,0.025891028,0.13853212,0.018640636,0.46940017,0.2843347
2010_004721,0.020519618,0.00087692984,0.0038711461,0.9296935,0.023838582,0.022214359
2009_001724,0.52232367,0.52342504,0.34630662,0.22765853,0.6969282,0.44662547
2010_000639,0.23432465,0.039413955,0.045095317,0.023295516,0.023534823,0.025685988
2010_000437,0.18229648,0.0066778855,0.79053485,0.030613322,0.82699865,0.823522
2009_003468,0.034400813,0.034024037,0.37547123,0.0,0.03847956,0.0030957342
2008_005541,0.0007622274,0.112690136,0.13420802,0.010786214,0.92423725,0.027408708
2008_003782,0.9691735,0.969967,0.96879256,0.013726085,0.025415031,0.013846714
2008_008393,0.96587753,0.9741587,0.955651,0.9691624,0.9595872,0.95875597
2010_002390,0.70489013,0.7186861,0.7090546,0.7279818,0.6986158,0.72287756
2011_000771,0.34264028,0.48675415,0.0,0.0,0.0,0.33894622
2010_000683,0.3178186,0.4591822,0.46012396,0.3177099,0.45871595,0.44507122
2009_000839,0.966769,0.06690305,0.9641354,0.96696144,0.06686704,0.06611047
2008_000811,0.46676415,0.12112481,0.41321465,0.020727435,0.012068346,0.008318125
2008_008525,0.9385067,0.9364081,0.014853291,0.04202552,0.020334775,0.0016802839
2011_000512,0.0140114995,0.0657849,0.14908315,0.060248934,0.059525527,0.061880443
2009_000242,0.11011977,0.32549983,0.23528267,0.0,0.18376538,0.23505382
2008_000120,0.92909795,0.1129999,0.92651325,0.03218856,0.863216,0.8124739
2008_002972,0.092809014,0.012155571,0.36194167,0.011229727,0.012764545,0.0
2010_000076,0.082889736,0.017175741,0.016721992,0.5651741,0.018793995,0.0
2009_002897,0.2896939,0.7715271,0.77550364,0.7780832,0.020489164,0.29682037
2010_003383,0.01947785,0.42985022,0.57320577,0.419108,0.05478617,0.5709448
2009_004994,0.5180515,0.5183302,0.51601374,0.5183522,0.51857245,0.51866055
2009_002651,0.054610748,0.004378801,0.117122434,0.0063880016,0.0038848554,0.20477068
2009_002635,0.35230044,0.025583275,0.04917922,0.0,0.56806195,0.04398827
2010_003911,0.2689747,0.4663783,0.012966404,0.012953869,0.44,0.46547315
2009_002012,0.9412049,0.9517738,0.951297,0.95153487,0.95336086,0.95184106
2011_001875,0.5455297,0.007955125,0.0062372657,0.009154376,0.006971213,0.007366135
2011_002953,0.08165052,0.07240814,0.08157418,0.0002044488,0.092579775,0.0023157243
2010_000661,0.2642782,0.26390737,0.0028734861,0.2598451,0.49449894,0.58322936
2008_002778,0.9135764,0.9141444,0.013442597,0.91343814,0.9103104,0.9142365
2009_003975,0.3468992,0.8121039,0.811206,0.00428274,0.811613,0.8115148
2011_001114,0.9192672,0.9106547,0.017867275,0.018389666,0.12767754,0.91858923
2010_001070,0.8720248,0.8717019,0.86743295,0.015774459,0.07206913,0.8780696
2009_004581,0.95320773,0.0070797033,0.9495877,0.01861062,0.95493364,0.023441734
2008_008773,0.49628872,0.027820444,0.49586695,0.0,0.497082,0.035052344
2009_000801,0.016658304,0.933265,0.016359713,0.93346643,0.035495,0.9341117
2011_000548,0.2714062,0.2714062,0.26956773,0.26913092,0.26922452,0.005153675
2010_004219,0.046189144,0.015651543,0.046105348,0.11714138,0.1032267,0.58332425
2008_006784,0.21609916,0.0030782912,0.0030793094,0.23962861,0.0033491678,0.43210605
2010_001807,0.12822156,0.09465724,0.00031759715,0.09560014,0.017516334,0.0020766961
2008_007428,0.034046266,0.015686845,0.015704522,0.03462709,0.3804387,0.015753392
2009_004507,0.80163205,0.001970635,0.23435162,0.0028431872,0.026597582,0.0862986
2010_003380,0.04112332,0.9518577,0.9509932,0.94916344,0.94804317,0.9495058
2008_003769,0.11673224,0.0464759,0.1793449,0.17239366,0.04318761,0.17910047
2008_002411,0.51528645,0.04518655,0.014652691,0.38643965,0.065264985,0.2910263
2010_003093,0.07852258,0.250774,0.28804436,0.010519578,0.3305042,0.011111745
2009_000894,0.26241085,0.1147807,0.10123551,0.031451374,0.4660248,0.057443995
2009_004859,0.34229723,0.040939398,0.16609684,0.00649664,0.34100553,0.16371211
2009_000603,0.65939337,0.009417361,0.89763737,0.003988036,0.6794894,0.7694859
2010_000110,0.38849804,0.015089111,0.3807322,0.37864977,0.37998313,0.3826765
2009_000133,0.8656764,0.024260521,0.01741573,0.0041834754,0.04260898,0.8687817
2009_004790,0.021842651,0.96591777,0.96564883,0.9657727,0.96574795,0.9658702
2009_001146,0.19768623,0.17967856,0.34483582,0.17972197,0.19768623,0.19789895
2011_001708,0.91470724,0.017417481,0.018245062,0.019734764,0.91477764,0.91324973
2010_005174,0.0047512404,0.0015618529,0.012096774,0.9304367,0.9298426,0.9273656
2009_003825,0.37032107,0.051220052,0.017018506,0.5442613,0.3708077,0.5434112
2009_003343,0.41442272,0.37280372,0.41481882,0.02003557,0.38584313,0.115024455
2010_001174,0.049994975,0.07040398,0.9380345,0.033344314,0.013258933,0.030249968
2008_003196,0.03175585,0.00045196465,0.10859011,0.83184433,0.025751673,0.053034168
2011_002291,0.51338893,0.6054466,0.1453537,0.00096017285,0.4062565,0.063091606
2010_003183,0.8223679,0.00887384,0.8231133,0.8211382,0.82206076,0.82170945
2010_000003,0.108860396,0.0515089,0.05808122,0.05049605,0.009295713,0.55603105
2009_004705,0.8725255,0.018846352,0.8527068,0.84558344,0.86992997,0.8614544
2009_004882,0.287007,0.13143156,0.5255095,0.29097474,0.120706774,0.006926407
2008_000676,0.811025,0.8087139,0.011700619,0.80108786,0.8100496,0.23619819
2008_000602,0.46931887,0.0071016625,0.010605708,0.010676986,0.010463137,0.010213589
2009_003071,0.45461097,0.011388023,0.08054543,0.25800115,0.11009306,0.010250766
2010_004289,0.11606041,0.09564357,0.010691823,0.095070116,0.09613483,0.09588923
2008_003270,0.004038287,0.386294,0.38697436,0.022931702,0.0051715462,0.008842285
2011_003085,0.3999053,0.044452082,0.030535243,0.25712794,0.3945229,0.14399377
2011_000226,0.2738396,0.014870644,0.28114083,0.009718989,0.01466912,0.0063966974
2011_002872,0.07663588,0.4956582,0.015849173,0.0154207945,0.012889367,0.010335207
2008_003729,0.59816384,0.33317336,0.00745787,0.017268445,0.005884886,0.65514904
2009_000015,0.48624042,0.0018954779,0.47641852,0.026529696,0.0018350155,0.0071018846
2008_002239,0.97120005,0.97174674,0.9718256,0.97185415,0.9244208,0.97214025
2008_006490,0.6397419,0.627166,0.66050154,0.628442,0.011512821,0.6280435
2008_001231,0.2637199,0.38716745,0.17487642,0.264229,0.47830012,0.25239804
2010_000885,0.5659248,0.059263445,0.06898867,0.5415584,0.045649096,0.04708091
2010_004363,0.87951475,0.8954039,0.89834994,0.90393287,0.03405573,0.8949068
2011_001753,0.95290846,0.9490807,0.9464855,0.12984855,0.40590447,0.9546961
2008_005628,0.051784556,0.0061113327,0.021357944,0.5682874,0.016563758,0.007983249
2010_000929,0.20674956,0.20738636,0.10581613,0.5642776,0.009193436,0.009154785
2010_005705,0.0030503306,0.23996699,0.0059490926,0.014608402,0.042602904,0.019665767
2008_006130,0.47544345,0.34371305,0.47391045,0.3740559,0.3614755,0.36325726
2010_005046,0.037008803,0.019973574,0.2594496,0.02107499,0.052057244,0.25920144
2010_000284,0.08897337,0.07861977,0.07861977,0.6494288,0.07824913,0.65107465
2009_003065,0.2627064,0.21415848,0.26414746,0.033156853,0.34309188,0.03218932
2008_003369,0.035682622,0.8763114,0.937736,0.7255276,0.0024416356,0.0017285435
2009_002613,0.052559406,0.09673354,0.044193216,0.05489924,0.06458289,0.025790254
2010_003529,0.006228077,0.013699227,0.010839021,0.28426686,0.023516966,0.26520127
2010_001962,0.19907963,0.18869036,0.18891412,0.0017786507,0.5267804,0.18900017
2009_003903,0.6780659,0.009027861,0.7083555,0.71571857,0.0006828334,0.7213793
2009_004738,0.02921552,0.00294936,0.7639807,0.7560346,0.74898493,0.015264221
2008_006389,0.43801785,0.17567211,0.4531838,0.0,0.28107187,0.47649992
2008_001691,0.0071062325,0.044058233,0.0027203544,0.06300451,0.9762475,0.1678175
2011_002929,0.92700857,0.93399674,0.93212396,0.012743419,0.004948717,0.9329913
2010_004355,0.94642544,0.9466471,0.029472817,0.9440694,0.9445058,0.20489058
2011_001546,0.93399876,0.9345956,0.029792577,0.93209183,0.93241864,0.0
2009_004091,0.13956515,0.13950306,0.12052864,0.14328298,0.11678265,0.08314278
2009_001850,0.8895806,0.8892527,0.8913061,0.032577068,0.8898487,0.055357143
2008_006036,0.0,0.7994381,0.030932818,0.7982324,0.7984737,0.79738694
2008_005714,0.12316933,0.6798623,0.19934547,0.9010159,0.015833165,0.90239775
2009_003539,0.10190289,0.09937963,0.007348749,0.09815382,0.026106056,0.040004984
2009_001117,0.42665207,0.39599293,0.12246781,0.31184864,0.39254385,0.2870294
2011_000278,0.06116972,0.01683085,0.053636495,0.0,0.007203644,0.3519006
2009_003063,0.8385403,0.017406002,0.019447176,0.01784195,0.24128062,0.7334637
2010_004370,0.8360798,0.00913242,0.8364764,0.025138715,0.8313176,0.83578306
2011_000793,0.05805628,0.8654438,0.3658867,0.023788728,0.87289554,0.3498302
2009_004635,0.31833333,0.01465219,0.49075732,0.0003285691,0.0008716496,0.0
2008_001478,0.30482534,0.0,0.30536288,0.0042858147,0.012515153,0.015118834
2011_002488,0.2186936,0.030633984,0.018558212,0.035034068,0.22038648,0.035034068
2010_001264,0.40643686,0.96272105,0.9631573,0.96257555,0.96297556,0.9632144
2010_001331,0.94698185,0.9470361,0.9469412,0.008589809,0.0036276144,0.9470235
2009_000074,0.26113358,0.020031242,0.076643854,0.011963157,0.062810905,0.0009277298
2008_003913,0.5814723,0.08468441,0.026858684,0.029269876,0.027914861,0.5785126
2010_000685,0.07620984,0.07379882,0.06767747,0.025391523,0.07759413,0.080018155
2011_002515,0.10401668,0.57285357,0.58505225,0.0,0.58525217,0.03418132
2009_000727,0.70297146,0.04072531,0.005254986,0.11674121,0.65351886,0.13785386
2008_007507,0.007318465,0.007210402,0.008110118,0.00827385,0.7370618,0.008713559
2008_005727,0.47806057,0.034396756,0.47901338,0.003491205,0.03395207,0.4782633
2010_005223,0.3503698,0.020060131,0.4270942,0.003755011,0.010497935,0.42702284
2009_000573,0.74086714,0.057094187,0.016129456,0.72093654,0.016129456,0.7299679
2009_004890,0.13152306,0.13164969,0.11605526,0.035859317,0.13205054,0.0649931
2008_005642,0.92862076,0.92779195,0.0025164266,0.0,0.9272335,0.023388756
2009_002519,0.260308,0.034705408,0.0065499074,0.4469309,0.0,0.036384027
2009_004043,0.17586313,0.09314626,0.10047317,0.008514231,0.008654353,0.034515087
2010_001422,0.012799404,0.67644686,0.003172259,0.31814477,0.0038159615,0.22563107
2008_004983,0.70366776,0.011611463,0.0005956813,0.06308005,0.009401021,0.0062691243
2008_008263,0.21204472,0.012057385,0.022298712,0.025270484,0.01443967,0.01747015
2010_002030,0.16888852,0.036173463,0.39989865,0.17084374,0.025408989,0.6123563
2011_001984,0.95536304,0.9546418,0.90368223,0.9548583,0.0030886894,0.9550953
2010_005111,0.3435964,0.037600953,0.03376615,0.66939425,0.036836773,0.27383614
2009_000446,0.53951275,0.048003905,0.4482686,0.0,0.034415353,0.51560086
2010_003088,0.23968469,0.0,0.027601436,0.014484335,0.033030555,0.013030078
2009_000935,0.93849224,0.936958,0.9367252,0.028968979,0.9383292,0.07324823
2010_002055,0.39947128,0.012200041,0.37878639,0.0022728043,0.029298743,0.045339547
2008_007836,0.18712917,0.0059549403,0.0059122937,0.0059224386,0.0059874123,0.7326101
2011_002135,0.34344766,0.012288671,0.002439599,0.0075764908,0.20627077,0.008333736
2011_001713,0.4918729,0.24129099,0.048877522,0.0,0.3988122,0.24177137
2009_004643,0.057197798,0.105444126,0.13066721,0.7304271,0.1404147,0.0209195
2010_000622,0.04504821,0.6830756,0.0444375,0.015454725,7.570883e-05,0.12673001
2011_003025,0.21565641,0.08305458,0.004347826,0.11853388,0.0,0.0
2010_005877,0.4747842,0.038218793,0.0077151335,0.8715587,0.014038619,0.47831014
2010_004041,0.39533833,0.057119053,0.0012855536,0.008975494,0.009724966,0.39909044
2011_000874,0.06543112,0.90419203,0.007137945,0.00620877,0.8922745,0.000517777
2010_003010,0.37163126,0.0,0.3799929,0.28417587,0.03571346,0.27622536
2010_001177,0.07680498,0.98142093,0.9815692,0.9815035,0.98152786,0.0
2010_000572,0.86027414,0.007105538,0.8499469,0.016458288,0.16613452,0.31419912
2008_006528,0.035127737,0.039078802,0.9400495,0.93748075,0.93820226,0.9378218
2009_000705,0.12384296,0.006557377,0.88571155,0.002007352,0.8942425,0.88369226
2009_001636,0.09789855,0.7058876,0.093530595,0.13863951,0.66770583,0.25248665
2008_002859,0.87192416,0.8708206,0.86888635,0.22285765,0.8712289,0.079646096
2009_000723,0.4169988,0.008016435,0.0037946834,0.49829176,0.5288727,0.0773732
2009_002317,0.7302312,0.0958601,0.07902305,0.0762568,0.024934905,0.7262559
2008_005650,0.065468416,0.0042232475,0.118446805,0.023535982,0.14892395,0.07890031
2008_005321,0.3405254,0.056211606,0.3423514,0.06023793,0.34599137,0.017791761
2008_006353,0.82076347,0.8208342,0.007145572,0.0020111927,0.024177793,0.00055854575
2008_003562,0.5315207,0.0,0.0004516032,0.28709725,0.0067916107,0.00594212
2009_001687,0.72008544,0.72779953,0.72647524,0.7275761,0.7267534,0.72744197
2010_000272,0.001368028,0.90879416,0.91708565,0.020576132,0.9217872,0.0016527984
2010_005919,0.9249929,0.9185045,0.9251812,0.036428113,0.92394626,0.030141328
2009_003369,0.73886937,0.39365306,0.46860656,0.19787101,0.38631904,0.030116359
2011_001047,0.63687104,0.0,0.6352527,0.02066263,0.10558618,0.62905085
2009_003783,0.95052963,0.028634101,0.029361585,0.028222678,0.95015883,0.9474207
2010_004042,0.08001496,0.008918186,0.0080980975,0.86775404,0.015073046,0.051677037
2011_001407,0.9234741,0.0027629286,0.01736061,0.04515033,0.9225891,0.00053705694
2010_000588,0.4726184,0.47285387,0.47316772,0.020590631,0.47285387,0.45199183
2010_003365,0.0016993093,0.84222746,0.8471091,0.006346722,0.012437972,0.007645858
2008_005197,0.3395722,0.0023791823,0.0016678249,0.33923656,0.0036710175,0.054319907
2009_005107,0.95140064,0.94949645,0.9504685,0.95257485,0.9513548,0.9398187
2010_002701,0.8288615,0.0011764282,0.00882877,0.0012185797,0.8194444,0.008242879
2010_004210,0.55886716,0.5596887,0.5577106,0.55982536,0.6583277,0.5599656
2011_001005,0.048357327,0.19222112,0.081794724,0.13070124,0.18879774,0.08187205
2010_003345,0.9253496,0.9253741,0.13007146,0.9249763,0.9233785,0.92503947
2009_004504,0.2763292,0.012899064,0.9599383,0.9614806,0.9616324,0.0185585
2010_000906,0.02116487,0.6852596,0.68536454,0.062289007,0.6219655,0.067488745
2009_004249,0.9256945,0.28885412,0.054933097,0.92512786,0.9251825,0.2891771
2009_002763,0.09982567,0.03890004,0.76638633,0.099442035,0.17690453,0.0033165577
2009_004887,0.92863846,0.02116285,0.0017945911,0.9287026,0.92827475,0.92865986
2009_004674,0.117992945,0.021992348,0.030171532,0.010441202,0.1182955,0.0059718555
2010_004766,0.2865267,0.06408047,0.0056387074,0.004138166,0.036496002,0.037623856
2009_004316,0.89792633,0.002985285,0.89698637,0.012635533,0.89541614,0.02259599
2010_000469,0.049955066,0.79940474,0.79958797,0.8032408,0.0052200006,0.014430713
2008_005845,0.9469347,0.9512482,0.9492221,0.9505853,0.9512208,0.0
2008_003108,0.054482594,0.052956227,0.13474692,0.08218588,0.15632297,0.10895152
2008_001992,0.44380584,0.11052133,0.443675,0.44565907,0.44285375,0.44254407
2011_001988,0.052742098,0.0034674772,0.052338883,0.0046884236,0.34042877,0.33992216
2009_002753,0.95224625,0.94839144,0.9451311,0.94782877,0.2262466,0.6932231
2011_002111,0.4038166,0.032240625,0.1679106,0.0362923,0.5454147,0.2973759
2010_004361,0.3604609,0.013801559,0.03768818,0.01550469,0.07978732,0.087591484
2010_001660,0.98027307,0.9741428,0.9797727,0.004429357,0.9811373,0.6488297
2011_002656,0.24023204,0.29176286,0.28596777,0.25790152,0.29184675,0.29327184
2008_005049,0.09697711,0.010957903,0.17548268,0.04470377,0.053875364,0.044001438
2009_000684,0.6687613,0.6685761,0.6687697,0.5381059,0.5360733,0.6688202
2010_002025,0.7800777,0.004051382,0.42439327,0.7479227,0.42618218,0.4262875
2010_001024,0.50155604,0.26135826,0.26595008,0.0,0.467411,0.050836783
2008_000235,0.36632767,0.03549106,0.010520164,0.067370676,0.03549106,0.09130274
2010_006009,0.3365031,0.29147002,0.016709771,0.7747223,0.77476066,0.0
2008_008127,0.025657006,0.683671,0.03990925,0.07094286,0.08300555,0.039302662
2011_000598,0.7839665,0.039813753,0.00645117,0.0,0.78119856,0.7805974
2009_000709,0.9574357,0.38572952,0.3840587,0.33543304,0.0031830915,0.3859713
2011_000412,0.3423447,0.35078567,0.3366455,0.008720761,0.12688634,0.02312339
2008_001030,0.18964928,0.25627628,0.25659138,0.02482692,0.11696031,0.11619156
2008_001566,0.13055241,0.30737892,0.12997602,0.008362008,0.13572404,0.0113553535
2009_004687,0.11500942,0.15735254,0.00071043754,0.008329648,0.09317157,0.17059484
2010_001347,0.48939556,0.48801905,0.48762882,0.4894625,0.4871468,0.48945034
2010_001956,0.96412086,0.019175302,0.94956684,0.96382564,0.019130137,0.96173966
2009_001332,0.10986775,0.9029333,0.9189594,0.9283272,0.914108,0.0018436011
2008_002269,0.23887548,0.06415076,0.29425678,0.29263622,0.28988847,0.04687403
2009_001270,0.82117504,0.63468194,0.7107918,0.74477905,0.6738972,0.7720998
2010_001595,0.47290772,0.24531966,0.23775057,0.60193807,0.59803855,0.60178125
2009_001481,0.25032917,0.62086755,0.0044594845,0.030598594,0.0010686615,0.64794165
2011_000359,0.23406418,0.0,0.7859246,0.010564471,0.010490848,0.0009790005
2011_001530,0.56647927,0.025361927,0.03827751,0.017256586,0.02434318,0.03822045
2008_000149,0.046934865,0.17682874,0.092822306,0.15792644,0.2004665,0.15713364
2011_002873,0.23619483,0.087173425,0.4894003,0.002247191,0.14417627,0.0
2011_002200,0.0046774778,0.031854797,0.007015704,0.004461839,0.0009434327,0.013387128
2009_005177,0.53106296,0.32137212,0.32342917,0.73306257,0.31965727,0.732497
2010_001413,0.26975873,0.851152,0.114531785,0.41864148,0.013056805,0.16371128
2008_006325,0.05649694,0.96572125,0.96604735,0.96568334,0.96616274,0.96689576
2011_002223,0.08546528,0.24734198,0.054367267,0.018326918,0.018286003,0.019070828
2008_000863,0.5751955,0.5653256,0.020271422,0.56748515,0.5752704,0.57532036
2008_003926,0.014990052,0.90456784,0.015899621,0.15880881,0.0047633387,0.9292718
2009_002382,0.01477285,0.023529729,0.05628981,0.0052882074,0.087005354,0.008348516
2009_002662,0.9733804,0.97191685,0.9711176,0.0,0.012848366,0.970544
2010_001273,0.94527024,0.94446933,0.94529885,0.94459814,0.94527024,0.94528455
2010_000114,0.064360514,0.95135736,0.9485522,0.9521479,0.9521054,0.9516199
2009_001888,0.16092797,0.2582865,0.0031509402,0.0,0.017898401,0.018161993
2009_002912,0.37840414,0.030221421,0.4009399,0.006415346,0.030629989,0.37939715
2010_001195,0.0721308,0.9594832,0.9593932,0.95792055,0.008358849,0.9597832
2009_001894,0.37697172,0.3748846,0.3728287,0.36974916,0.94308585,0.3698268
2008_003477,0.4239219,0.30743167,0.017018339,0.02929053,0.012301038,0.30723214
2009_000156,0.77953243,0.5001695,0.77818435,0.035956055,0.007821158,0.016907072
2010_002536,0.14291896,0.19369131,0.13575107,0.033715222,0.00036143023,0.19937481
2008_007031,0.8371334,0.025225565,0.023348855,0.17856558,0.17778943,0.18106861
2009_004434,0.9616472,0.024521457,0.96017325,0.007012131,0.024741122,0.11101806
2009_001828,0.9398658,0.9393436,0.05346445,0.9378064,0.93960476,0.93937624
2009_004497,0.8306818,0.8329569,0.8341976,0.83285505,0.007240194,0.83206975
2010_001399,0.008264462,0.027038664,0.02949179,0.029974036,0.025549036,0.030393008
2010_002336,0.3282779,0.15236199,0.051737133,0.05411791,0.0015697218,0.13200928
2010_001922,0.30399135,0.006128036,0.0076789884,0.027493224,0.027182411,0.2950907
2009_003507,0.06359381,0.019254787,0.06339677,0.38412225,0.06305183,0.06674116
2008_000853,0.83950615,0.8430402,0.8428934,0.064076595,0.06167904,0.7841045
2008_002904,0.006756049,0.9544137,0.9545442,0.006808243,0.9543263,0.9533055
2011_001782,0.79718775,0.80443275,0.005040658,0.027516292,0.8001713,0.184
2008_002240,0.09360879,0.018803662,0.0027162477,0.32711393,0.0018922923,0.009550588
2009_000400,0.8675524,0.1125517,0.83259857,0.8371061,0.8383365,0.83910924
2008_003511,0.22076315,0.21364577,0.06479986,0.21482892,0.0064718933,0.4948694
2011_000594,0.40469843,0.01226934,0.41775146,0.3669916,0.0011879723,0.012804029
2010_001563,0.10973634,0.008558184,0.24568611,0.24628654,0.0045600883,0.048806448
2010_000519,0.8870441,0.876206,0.8439744,0.87028414,0.032709204,0.033484362
2011_001974,0.22387019,0.48930523,0.063405655,0.48977682,0.48977682,0.48481053
2009_000412,0.5415745,0.5384402,0.53704345,0.5413638,0.0077980873,0.5408829
2010_000746,0.027896276,0.52338153,0.6217316,0.029960189,0.54416144,0.5950813
2008_005926,0.3388426,0.33952022,0.19746569,0.0,0.19771124,0.19878483
2010_003717,0.1883376,0.7790502,0.085513234,0.16586299,0.0005571181,0.7788693
2009_000887,0.0067557935,0.08230192,0.010595795,0.871413,0.87535924,0.8754567
2008_007548,0.9429919,0.93742573,0.9412684,0.94203216,0.93621564,0.9419417
2009_002285,0.20899802,0.09208731,0.16480288,0.20352142,0.20894817,0.20864892
2009_002936,0.9410916,0.9410916,0.928583,0.025210503,0.94134617,0.94188315
2008_001640,0.93837553,0.009296811,0.9499062,0.94699496,0.9511489,0.94527185
2009_003771,0.9560325,0.011971028,0.9596334,0.007888165,0.7211985,0.018340105
2010_002018,0.24143857,0.0024329524,0.2392459,0.23968488,0.24148236,0.24222659
2010_002139,0.8405495,0.83942217,0.8372147,0.014875531,0.83764607,0.83802325
2010_000195,0.941442,0.84947187,0.9402128,0.0,0.009468442,0.022950819
2010_001448,0.6546686,0.6350161,0.013107059,0.012755854,0.5159599,0.49929145
2008_002929,0.0,0.116098695,0.09000163,0.008184328,0.11670416,0.0083019035
2011_002504,0.0,0.030346,0.018715171,0.0024802356,0.0,0.019325702
2008_007350,0.09572782,0.095929004,0.040278006,0.00081345905,0.928604,0.9256875
2011_000006,0.09854301,0.07410914,0.03715755,0.033138603,0.021194026,0.0011258561
2011_000652,0.04086633,0.0025702957,0.027460655,0.21256424,0.075441204,0.22323325
2008_004776,0.043860894,0.5812529,0.17820081,0.0,0.5813624,0.043999717
2008_003886,0.00024451374,0.8136355,0.037999842,0.0,0.8141731,0.81443095
2011_002002,0.09801634,0.031004414,0.029448735,0.10108279,0.037062213,0.18192507
2009_002320,0.1734751,0.17327066,0.8849412,0.009222598,0.5481719,0.8597778
2011_001336,0.50564075,0.032005146,0.09469531,0.05412666,0.031977173,0.10454828
2008_003665,0.69568086,0.69426185,0.69797593,0.695316,0.6948765,0.69506806
2009_002445,0.5697479,0.57329017,0.5504239,0.548232,0.5523854,0.010053962
2009_004561,0.21610357,0.020063786,0.60657907,0.036067724,0.02345303,0.022663746
2009_005236,0.68649215,0.6768728,0.6887012,0.5343734,0.40110102,0.68681157
2009_002472,0.96209764,0.96150017,0.96216905,0.0041128015,0.96217555,0.06852248
2008_002936,0.94331264,0.9438881,0.03651924,0.010261503,0.056265157,0.9434221
2010_000552,0.5647163,0.5449481,0.544132,0.29796162,0.53065896,0.42859146
2008_000573,0.034520518,0.16287726,0.12141838,0.0071876184,0.0027857907,0.24622934
2009_001255,0.14498553,0.0075760027,0.0031798566,0.15191495,0.0033184648,0.012958499
2010_002348,0.5645964,0.5657405,0.012663052,0.56548643,0.5652867,0.56497794
2009_003217,0.5006904,0.5028058,0.015472572,0.50102735,0.50107545,0.49947774
2008_000567,0.06099181,0.032295205,0.00048651278,0.5131026,0.059971757,0.03494405
2008_001112,0.58048594,0.40563753,0.03716936,0.5809628,0.05258222,0.23125343
2008_000589,0.45774966,0.015347535,0.025854664,0.04433288,0.019261844,0.03962043
2009_002216,0.015586035,0.28458792,0.21749029,0.5414387,0.06442289,0.22816361
2011_000526,0.8274567,0.76788443,0.71835,0.96382016,0.012210766,0.88151795
2010_003912,0.4740248,0.4746625,0.023142677,0.7566754,0.20827518,0.014575167
2011_000651,0.035367396,0.030391686,0.009048576,0.748961,0.90213275,0.90306324
2008_004687,0.7832988,0.040177945,0.064170234,0.48611742,0.15750848,0.07338339
2011_000108,0.24712649,0.24674219,0.14929715,0.6297262,0.23157872,0.2521232
2009_004105,0.7635817,0.054878566,0.76324534,0.76254064,0.76307714,0.76178235
2009_001268,0.11496624,0.1378416,0.21453103,0.19507961,0.14174345,0.1377841
2010_002310,0.90045875,0.906215,0.90064436,0.08000393,0.020275898,0.02686733
2009_004455,0.62048393,0.014524153,0.0034294245,0.044302173,0.15677437,0.0275425
2010_000342,0.34967974,0.5780288,0.021225361,0.62310576,0.020684596,0.6114966
2010_005468,0.0,0.8658614,0.5030766,0.7965371,0.46647564,0.87048894
2010_001386,0.97429603,0.9727994,0.8519339,0.8840517,0.0031641216,0.89931566
2011_001632,0.10376005,0.12635112,0.12504466,0.038098264,0.052558295,0.002437862
2009_003504,0.8090501,0.04391757,0.80138505,0.043977644,0.08922089,0.007944203
2011_002335,0.08508165,0.08797646,0.091016896,0.007987288,0.054068163,0.01771571
2010_006034,0.41106212,0.90594834,0.018000824,0.01627493,0.9099587,0.9055894
2008_001203,0.0,0.019447686,0.0,0.80939597,0.00022224692,0.020841373
2010_001261,0.69229186,0.6917096,0.04056472,0.0,0.018618114,0.0068364274
2008_007402,0.27212998,0.2811695,0.03335631,0.6052103,0.60629326,0.044793107
2010_005755,0.21966144,0.030054012,0.029940004,0.023070404,0.1656488,0.024141528
2010_000256,0.22025985,0.036982443,0.1884804,0.011980574,0.0061027613,0.047656164
2008_004892,0.20740123,0.059248302,0.0024774512,0.031359684,0.0101951,0.040479988
2009_002155,0.9269375,0.009986604,0.9325068,0.92861086,0.0,0.9283209
2008_006482,0.72380054,0.7246819,0.7246819,0.0,0.7236148,0.0
2008_007048,0.5072233,0.35064983,0.5084095,0.012394898,0.51690423,0.0123437345
2010_003446,0.10802726,0.33209756,0.052182533,0.013235367,0.02611753,0.32357052
2009_003820,0.93550265,0.0017431992,0.9746006,0.977052,0.005540166,0.032942344
2011_000893,0.28164455,0.2796347,0.28239235,0.45932144,0.4492322,0.26904663
2009_003660,0.6280141,0.7228696,0.007233311,0.6215495,8.3231025e-05,0.64131886
2010_003947,0.08624719,0.0927675,0.0174724,0.006626099,0.0009490668,0.09715798
2010_005860,0.028404826,0.8123624,0.046710264,0.0,0.003313259,0.6365899
2009_003080,0.84396863,0.048305005,0.11319854,0.0,0.038746472,0.06050946
2008_000919,0.9133455,0.9117747,0.91091734,0.23928152,0.9032973,0.024905771
2008_000401,0.95569205,0.96947473,0.96807176,0.9746464,0.9571288,0.97399455
2011_001880,0.08313353,0.02434995,0.02413051,0.4234851,0.52785975,0.024624182
2008_005637,0.30040893,0.14346625,0.14771599,0.015539207,0.041887492,0.025139846
2008_001719,0.90612537,0.9003743,0.8750114,0.23126814,0.26343936,0.9084234
2010_002150,0.8659154,0.52750146,0.022968011,0.5935291,0.021055352,0.6063482
2010_003293,0.012988767,0.019536052,0.019330297,0.013525188,0.42079622,0.0050433353
2008_003094,0.5681811,0.0,0.56756175,0.5681811,0.56641,0.017308962
2008_006008,0.34151095,0.010206685,0.31717792,0.34300783,0.35748708,0.343301
2008_007472,0.95782036,0.0066328966,0.9562386,0.95617574,0.9561295,0.0
2009_003696,0.020561932,0.9247217,0.01026367,0.02653749,0.017700363,0.9221832
2009_002035,0.95030934,0.94580823,0.12691227,0.95313996,0.95346075,0.952819
2008_001592,0.9416378,0.9438061,0.9463262,0.007861292,0.9409941,0.94539404
2009_003059,0.6552545,0.6560811,0.58159727,0.65600383,0.58803505,0.6574616
2010_000238,0.77481115,0.7760617,0.7764929,0.77577907,0.7757493,0.08097243
2011_000840,0.69810456,0.0071403,0.69250786,0.6849851,0.6923981,0.6945713
2010_001376,0.0027725517,0.50313175,0.5018198,0.45193473,0.0074289213,0.0372504
2010_002271,0.054557968,0.03487717,0.011452312,0.058586836,0.016379423,0.009067201
2010_004069,0.16814497,0.006435302,0.31121117,0.45965853,0.3111391,0.30487913
2010_001292,0.04238055,0.9206251,0.92061377,0.9205571,0.92168957,0.9203643
2009_003697,0.45703524,0.0053071612,0.45602834,0.45588276,0.0054884143,0.0052346503
2008_001971,0.85089207,0.0035165865,0.003568777,0.06411651,0.8511249,0.01267604
2009_004901,0.32996604,0.07188819,0.042821642,0.09799157,0.043140706,0.09174586
2009_001391,0.9570942,0.95733786,0.8546709,0.95788574,0.9578654,0.9582405
2011_000243,0.809993,0.045038983,0.009750594,0.8278677,0.1574157,0.0066986806
2008_001682,0.8791543,0.0,0.0,0.8797081,0.005596269,0.8788985
2008_001402,0.13973157,0.023618612,0.019754797,0.022357997,0.019158142,0.47834635
2010_000788,0.95391876,0.9532861,0.9492287,0.9510525,0.058872364,0.95183784
2009_001251,0.06167387,0.96869195,0.9196822,0.9689811,0.96154374,0.9184053
2009_002727,0.0110657355,0.43381742,0.49801034,0.393317,0.02001589,0.74453765
2010_001656,0.9167924,0.9173567,0.9173864,0.031778473,0.008437267,0.91663635
2009_002914,0.11045347,0.13575694,0.90275735,0.9200875,0.01864362,0.92069143
2010_002200,0.8223392,0.10653409,0.8068702,0.8014101,0.022004332,0.8320942
2010_005401,0.050878,0.24731499,0.04299363,0.008242872,0.055587534,0.25991595
2010_002418,0.4284298,0.38885155,0.02157645,0.0,0.30577812,0.047591247
2009_004801,0.08280828,0.11448805,0.17036507,0.6755104,0.007311752,0.0479609
2008_005245,0.08749658,0.09341718,0.008986845,0.066386275,0.017853167,0.4669547
2010_001282,0.9341526,0.9348464,0.9325764,0.9340867,0.03475309,0.93392783
2009_005031,0.89207184,0.8733902,0.0038956297,0.8884856,0.009710702,0.009791228
2010_001124,0.82425976,0.124578744,0.88869816,0.69408095,0.0052609313,0.9391379
2009_005055,0.20847973,0.08464813,0.21141253,0.08536738,0.30627838,0.021207374
2008_000696,0.8527247,0.01197037,0.0042495327,0.011648519,0.85045296,0.01577195
2009_005087,0.33749387,0.07213207,0.29570946,0.4148051,0.29767734,0.01974371
2009_000553,0.9382035,0.9372793,0.9386285,0.9392345,0.9377051,0.9369356
2010_000724,0.6080126,0.0016024159,0.4756053,0.48240975,0.008849941,0.5235629
2008_005375,0.70603573,0.00072135875,0.19997622,0.020954743,0.006322653,0.45989522
2009_005000,0.9405047,0.9405309,0.93879974,0.9399414,0.00905734,0.93966603
2010_004154,0.2452216,0.23891099,0.2187079,0.112059966,0.018219462,0.23927973
2008_001479,0.9467925,0.9473553,0.03242,0.9457805,0.9455854,0.00871991
2008_007998,0.38069335,0.0351444,0.0,0.022366902,0.0075352867,0.009196363
2009_001535,0.98008186,0.9806315,0.9806961,0.9803729,0.980098,0.014693625
2009_000351,0.150646,0.011448162,0.010471647,0.027656969,0.0024654157,0.0027382257
2010_004283,0.020358503,0.9629151,0.9586557,0.959435,0.9577118,0.9610284
2009_005219,0.11398352,0.94895047,0.8870811,0.021468751,0.949803,0.9493172
2009_002591,0.0,0.075198345,0.0010058844,0.31499133,0.08316292,0.0037530188
2010_003062,0.28101477,0.053877287,0.20332372,0.2021042,0.24591191,0.24578984
2008_002958,0.0137322955,0.12900034,0.7390372,0.12924828,0.009643673,0.70237213
2010_001706,0.80190295,0.7368215,0.8110636,0.01673222,0.7405419,0.79132736
2010_000371,0.20988171,0.04388513,0.01078241,0.4951954,0.7530356,0.006660464
2011_001895,0.035406306,0.23205523,0.31302768,0.11135317,0.32923967,0.31070018
2008_005679,0.81129736,0.013956819,0.048887823,0.009999923,0.93736094,0.93905145
2010_000065,0.0,0.7871197,0.6642772,0.8532264,0.005539715,0.046756014
2010_005494,0.044012044,0.21253175,0.0177425,0.014742792,0.018935278,0.0095257
2008_002032,0.03663331,0.00784207,0.10888228,0.0621284,0.076814234,0.0489956
2009_005016,0.035516318,0.54364455,0.09511518,0.5444536,0.12871335,0.08700503
2008_007090,0.016361387,0.002492406,0.29146904,0.093287304,0.096645735,0.017280877
2009_004980,0.34992686,0.09590115,0.020965993,0.02133653,0.010079058,0.021734582
2008_006481,0.020026945,0.020168189,0.0,0.0,0.020365117,0.0
2009_003012,0.06920341,0.7471936,0.058214538,0.14757743,0.015349347,0.022521527
2009_001544,0.16124232,0.22686715,0.036461897,0.0032925848,0.6570578,0.015156277
2008_005342,0.666279,0.6645655,0.030671852,0.0018611796,0.021143848,0.027107183
2008_003814,0.5211176,0.2985452,0.31067604,0.2444922,0.534013,0.0
2010_004662,0.5653197,0.22865538,0.22871259,0.051035944,0.051497646,0.05037046
2009_004904,0.0009781546,0.01212659,0.87869334,0.004612975,0.87920755,0.009485979
2010_002532,0.1477671,0.15090294,0.033973027,0.034428842,0.15236269,0.022332206
2008_004175,0.8774828,0.012065601,0.013284842,0.029353857,0.8777174,0.8746594
2009_002808,0.33283642,0.16932787,0.23775439,0.20754665,0.19373383,0.0041742288
2009_000487,0.07004906,0.070767894,0.5255717,0.010630082,0.058474418,0.012014761
2008_000661,0.16011143,0.010574735,0.0094018215,0.419059,0.5158265,0.11692336
2009_003806,0.9227586,0.9230878,0.92204887,0.0073091146,0.92138904,0.7119359
2011_001133,0.75991064,0.008933698,0.15166962,0.8408142,0.23467462,0.039068535
2010_005664,0.19194438,0.728832,0.06621754,0.013079839,0.0069387276,0.32248265
2008_002215,0.058513,0.96525925,0.94807726,0.9667071,0.9673937,0.96714336
2008_007165,0.41886088,0.01264182,0.012201863,0.6130248,0.42570323,0.61259425
2010_001579,0.39826193,0.073509745,0.2924635,0.0030721165,0.073572576,0.3974599
2011_000556,0.16817136,0.23417991,0.23628668,0.09866789,0.23568526,0.23788847
2009_002888,0.047139872,0.46550098,0.04408353,0.0,0.046125997,0.0136209745
2010_000422,0.007598886,0.93408626,0.9334659,0.010613443,0.9315855,0.933734
2010_000269,0.5611247,0.56099254,0.5609625,0.5608483,0.5608904,0.5610887
2009_001663,0.037635498,0.0014525559,0.0076430338,0.0002187519,0.011936179,0.0078122155
2009_005038,0.052971024,0.122843735,0.22330177,0.5270488,0.12570082,0.052936237
2008_006254,0.09838845,0.1330174,0.102038704,0.030620433,0.008007639,0.10290167
2010_000907,0.8446798,0.8456871,0.8383565,0.10245299,0.84164196,0.8456571
2009_004620,0.10659479,0.11172154,0.6187585,0.9458015,0.02168487,0.94623893
2008_004841,0.349314,0.378666,0.34997934,0.0,0.1321322,0.4552509
2008_008193,0.9417441,0.94174254,0.9413812,0.94139004,0.94038165,0.9346146
2009_005130,0.01641094,0.9718666,0.013539941,0.97190356,0.97150457,0.97151935
2010_002720,0.16308892,0.022640722,0.10318931,0.1922068,0.2576423,0.163434
2008_004396,0.9727325,0.9742546,0.9723374,0.9727921,0.9714551,0.9728081
2008_004750,0.2446985,0.037249815,0.03728202,0.018462142,0.01829783,0.027679622
2009_003613,0.5973867,0.6193052,0.33512104,0.0,0.33536232,0.33548293
2009_002586,0.35276413,0.42424488,0.009042204,0.44435507,0.50913435,0.008999947
2010_000815,0.6814519,0.84412444,0.06669584,0.834472,0.84684485,0.84302324
2008_007433,0.8407046,0.0,0.83579564,0.61703557,0.7914428,0.02846442
